Track,predicted_Tag_KNN
"""The Take Over, The Breaks Over""",Andrea
(Can't Get My) Head Around You,Andrea
1 Scale (feat. G Herbo),Andrea
100 Shots,Andrea
12:51,Andrea
1400 / 999 Freestyle,Andrea
1st of Tha Month,Andrea
23,Andrea
24's (Vocals Only),Andrea
3 Headed Goat (feat. Lil Baby & Polo G),Andrea
3 Peat,Andrea
92 Explorer,Andrea
A Letter to Elise,Andrea
"A Little Less Sixteen Candles, A Little More ""Touch Me""",Andrea
A New Generation,Andrea
A New Level - 2012 Remaster,Andrea
A Warm Welcome,Andrea
ADESTE FIDELES,Andrea
APPLAUSE - TECHNO,Andrea
About A Girl,Andrea
(sic),Erika
...And Justice for All (Remastered),Erika
10 Bands,Erika
10's,Erika
10:35,Erika
151 Rum,Erika
"21 Hungarian Dances, WoO 1 (version for orchestra): Hungarian Dance No. 5 (orch. Schmeling)",Erika
3's & 7's,Erika
5 Minutes Alone,Erika
500lbs,Erika
772 Love,Erika
976-EVIL,Erika
A BOY IS A GUN*,Erika
A Face In The Crowd,Erika
A Long December,Erika
A New Level,Erika
A Rush and a Push and the Land Is Ours - 2011 Remaster,Erika
A Tout Le Monde - Remastered 2004,Erika
A Walk In The Park,Erika
A.D.H.D,Erika
#1,Gianluca
(It Goes Like) Nanana,Gianluca
0 To 100 / The Catch Up,Gianluca
18 and Life,Gianluca
19-2000,Gianluca
2 Of Amerikaz Most Wanted,Gianluca
2 Of Amerikaz Most Wanted (ft. Snoop Doggy Dogg),Gianluca
2 Phones,Gianluca
21 Questions,Gianluca
4:44,Gianluca
5 Letras,Gianluca
6 'N the Mornin',Gianluca
6 Foot 7 Foot,Gianluca
679 (feat. Remy Boyz),Gianluca
7 Words,Gianluca
8 Mile,Gianluca
99 Problems,Gianluca
A Matter of Trust,Gianluca
A View to a Kill,Gianluca
ATLiens,Gianluca
'S Wonderful,Giuliana
(Nice Dream),Giuliana
(Nothing But) Flowers - 2005 Remaster,Giuliana
(Rock) Superstar (feat. Chino Moreno & Everlast),Giuliana
03' Bonnie & Clyde,Giuliana
03’ Adolescence,Giuliana
1-800-273-8255,Giuliana
15 Step,Giuliana
16,Giuliana
"1Train (feat. Kendrick Lamar, Joey Bada$$, Yelawolf, Danny Brown, Action Bronson & Big K.R.I.T.)",Giuliana
2 Legit 2 Quit,Giuliana
20 Something,Giuliana
2009,Giuliana
223's (feat. 9lokknine),Giuliana
3005,Giuliana
4 Your Eyez Only,Giuliana
505,Giuliana
5150,Giuliana
7AM,Giuliana
90210 (feat. Kacy Hill),Giuliana
"13 Pieces, Op. 76: No. 3 Carillon",Laura
"16 Waltzes, Op. 39 (1867 version): No. 3 in G-Sharp Minor",Laura
"16 Waltzes, Op. 39: No. 15 In A Flat Major",Laura
"21 Hungarian Dances, WoO 1 - Orchestral Version: Hungarian Dance No. 11 in D minor (Orchestral Version)",Laura
"24 Preludes, Op. 11: No. 1 in C Major",Laura
"24 Préludes, Op. 28: No. 4 in E Minor",Laura
3 Gymnopédies: Gymnopedie No. 1,Laura
"6 Consolations, S. 172: No. 3 in D-Flat Major (Lento, placido)",Laura
"6 Pezzi, P. 44: No. 6. Internmezzo-serenata",Laura
A Time of Wonder,Laura
A bottle of rouge,Laura
Already,Laura
Amsterdam,Laura
Ana,Laura
Appalachian Spring: VII. Doppio movimento,Laura
"Après un rêve, Op. 7, No. 1",Laura
Arioso (Adagio in G) from Cantata BWV 156 (Arr. by Lloyd Webber),Laura
Asleep - 2011 Remaster,Laura
Autumn Leaves,Laura
Baby Grand (with Ray Charles),Laura
