Track,predicted_Tag
(I Can't Get No) Satisfaction - Mono Version,Andrea
(Oh) Pretty Woman - 2015 Remaster,Andrea
06 Gucci (feat. DaBaby & 21 Savage),Andrea
141 Schneeschieber,Andrea
1979 - Remastered 2012,Andrea
1x1 (feat. Nova Twins),Andrea
2 Mins of Pain (feat. Alborosie),Andrea
20 Min,Andrea
21 Guns,Andrea
24 (feat. Lil Baby),Andrea
25 ore RMX (feat. Ernia & Shablo),Andrea
3 DAYS AWAKE,Andrea
3 Libras,Andrea
3 Tage Wach,Andrea
303 State,Andrea
365,Andrea
369 (Fake I.D),Andrea
4K,Andrea
5% TINT,Andrea
9 Lives (feat. Polo G & NLE Choppa),Andrea
3 messaggi in segreteria,Erika
A Little Respect,Erika
A Whole New World (with Lea Salonga) - Live in Japan,Erika
AMARGURA,Erika
Alone,Erika
And the Cradle Will Rock... - 2015 Remaster,Erika
Angry,Erika
"Another Brick In The Wall, Pt. 2 - 2011 Remastered Version",Erika
Another One Bites The Dust - Remastered 2011,Erika
Are You Gonna Be My Girl,Erika
Arranca (feat. Omega),Erika
Awake,Erika
BURN IT DOWN,Erika
Baba O'Riley,Erika
Be Yourself,Erika
Benedetta (feat. Izi),Erika
Better,Erika
Boiler,Erika
Bring The Pain,Erika
CASTLE OF GLASS,Erika
10 Freaky Girls (with 21 Savage),Gianluca
105 F Remix,Gianluca
11 PM,Gianluca
21,Gianluca
93 'Til Infinity,Gianluca
99 Red Balloons,Gianluca
A MORDISCOS,Gianluca
A Solas (Remix),Gianluca
ACID BALADE,Gianluca
AUTOMÁTICO,Gianluca
Absolutely (Story of a Girl) - Radio Mix,Gianluca
Adan y Eva,Gianluca
Addicted,Gianluca
Adentro de la Disco (feat. Myke Towers),Gianluca
Adictiva,Gianluca
"Agua (with J Balvin) - Music From ""Sponge On The Run"" Movie",Gianluca
All Eyez On Me (ft. Big Syke),Gianluca
All In,Gianluca
All The Stars (with SZA),Gianluca
Alwayz Into Somethin',Gianluca
2055,Giuliana
ACID PLAAT,Giuliana
Adicto (with Anuel AA & Ozuna),Giuliana
Again,Giuliana
Alive,Giuliana
And so It Goes / She's Always a Woman,Giuliana
Aura,Giuliana
Bank Account,Giuliana
Basket Case,Giuliana
Beat the Odds,Giuliana
"Beauty and the Beast - from the Soundtrack ""Beauty and the Beast""",Giuliana
Big Boy - Remix,Giuliana
Big Poppa - 2005 Remaster,Giuliana
Bohemian Rhapsody - Remastered 2011,Giuliana
Boyz In Paris (with VINAI),Giuliana
Break My Heart,Giuliana
Break Ya Neck,Giuliana
Brigg fair (Arr. Percy Grainger),Giuliana
Broken Bells,Giuliana
Burning Love - D-Block & S-te-Fan Remix,Giuliana
"12 Pieces for Children: No. 6, My Darling and Marjan (Variation)",Laura
"12 Songs, Op. 21: V. Lilacs (Transcr. Rachmaninoff for Solo Piano)",Laura
"2 Aquarelles: Lento, ma non troppo",Laura
3 Pieces in Old Style: No. 1. Aria,Laura
3 Spirituals for Orchestra: No. 2. Kum Bab Yah,Laura
"3 Visions: No. 2, Summerland",Laura
3 Visions: No. 2. Summerland,Laura
4 Postludes for Piano & String Orchestra: No. 1. Larghetto - Andante,Laura
"4 Postludes for Piano & String Orchestra: No. 3. Larghetto, con moto (poco rubato)",Laura
"6 Encores for Piano (1965): No. 3, Wasserklavier",Laura
"6 Piano Pieces, Op. 26: No. 2, Pastoral Atmosphere",Laura
A Little Book of Hours: VI. Singing Sun,Laura
"A Man Has Dreams - From ""Mary Poppins""/Soundtrack Version",Laura
"Abendlied, Op. 85 No. 12 (Arr. Grosvenor)",Laura
All Time Chump,Laura
An Idea,Laura
"An der schönen blauen Donau, Op. 314",Laura
"Andante festivo for Strings and Timpani, JS 34b",Laura
Any Other Name,Laura
"Après un rêve, Op. 7, No. 1 (Arr. for Cello and Piano)",Laura
